Venda 9474,00155f2e-a6d5-11ee-86cb-f3fdd870ece4,{2e157830-b064-11ee-b494-1b4a6fc75156},819.50,819.7500000000000000,823.2500000000000000,1
Venda 5498,006a44ee-afbd-11ee-89ad-2327de08da95,{3d2b51de-afef-11ee-aa0e-4f8c10d5c3cb},777.61,762.5400000000000000,732.0000000000000000,1
Venda 455,00743162-a963-11ee-b3c3-2bf96d49a276,{ec14bfe0-b068-11ee-ab46-9fe32d2ee7e1},640.50,640.9000000000000000,644.4000000000000000,1
Venda 10517,008a4a4e-7d97-11ee-9b37-5f2493015460,{008f43b4-7d97-11ee-9b39-c3686446e92d},8476.50,8473.0000000000000000,8476.5000000000000000,1
Venda 13384,00e67fce-aeef-11ee-9767-5f3744b1ec48,{0becdc04-b059-11ee-8765-e36b663f7d2d},2019.10,2031.1000000000000000,2046.6000000000000000,1
Venda 8479,021f1720-ae1d-11ee-995f-93e302a02059,{fc5b7222-b063-11ee-a142-6373aa1ee0b9},181.50,181.8300000000000000,185.3300000000000000,1
Venda 33,032545fa-a5b1-11ee-bf3d-9b52b6bf3d73,{ac1159e2-b065-11ee-8747-67f13fd32c6f},2778.49,2757.0600000000000000,2739.1300000000000000,1
Venda 1365,03a09a6a-ab25-11ee-8ce3-877dc177fcf7,{a95179e8-afe9-11ee-a1f0-93c7392ea7e8},595.50,595.8100000000000000,1986.0000000000000000,1
Venda 22720,03e3af50-aa4c-11ee-9b49-d31f44c0386d,{091bc178-b06f-11ee-aedd-cf401e3b28fa},1538.06,1474.8300000000000000,1415.1000000000000000,1
Venda 3300,03e94ed4-ac0d-11ee-ac38-bbf1183bc01a,{03f172a8-ac0d-11ee-ac3a-875ac0a03da1},8160.92,8907.5400000000000000,7416.8000000000000000,1
Venda 582,03fed820-baf5-11ee-965b-232ba9632064,{04062e18-baf5-11ee-965d-6f114f5a4a19},16084.00,17559.7800000000000000,14611.7200000000000000,1
"Venda 9079, Venda 9150, Venda 9306",05778856-b180-11ee-bf60-0be5d183e86d,"{175b13bc-baf9-11ee-8978-a3f45f64c3c2,175abd0e-baf9-11ee-8977-8fbd715d2acb,175a5436-baf9-11ee-8976-9b098afe8ea0}",2092.32,2092.3100000000000000,698.0000000000000000,3
Venda 239,06860ca2-a584-11ee-873a-e356dd99136b,{a1c43670-b061-11ee-a266-f7082856361d},888.50,888.5900000000000000,892.0900000000000000,1
Venda 3629,06b8756e-9f4b-11ee-a85d-4b8c6b4d8aa3,{b69ccb78-b06d-11ee-b5e7-635b4ce73aec},1240.96,1396.5100000000000000,1555.5600000000000000,1
Venda 23231,0712f09e-9446-11ee-b292-5f817123015b,{071a49c0-9446-11ee-b294-433f17ac3cf4},2756.50,2786.5000000000000000,2790.0000000000000000,1
CONDOMÍNIO 01/2024,085eebcc-9dc6-11ee-a273-97dbab079d79,{c4c34b30-b06a-11ee-88e8-d740f9fc3919},628.12,663.2100000000000000,701.8000000000000000,1
Venda 2922,08a1157a-afa9-11ee-af47-d37212b48958,{c8604a0e-b060-11ee-9b27-83739ae1301d},1504.00,1654.0000000000000000,1807.0000000000000000,1
Venda 7308,0922531a-aa2c-11ee-9c66-8321ec4a7524,{52a311e4-b05a-11ee-a127-2364c527d86e},1174.71,1219.2400000000000000,1267.2700000000000000,1
Venda 1934,095a0c84-78e4-11ee-b593-7f73cdf901f2,{095f5446-78e4-11ee-b595-efc51874fbf0},61.50,71.5000000000000000,85.0000000000000000,1
Venda 10312,0a163b18-afec-11ee-a4cb-6783540f7290,{7d6f62f4-afee-11ee-9c83-cb76711695dc},377.89,360.0700000000000000,344.7500000000000000,1
Venda 14,0a618550-b708-11ee-a8db-6357bd22f17c,{0a687748-b708-11ee-a8dd-93f6e28b12c4},125.54,128.0800000000000000,125.0000000000000000,1
Venda 116,0b7182d4-abdb-11ee-a21b-f356e572827f,{0b79cdf4-abdb-11ee-a21d-1b8d042e4cda},97.89,99.2800000000000000,100.0000000000000000,1
Venda 22538,0c450104-7f3a-11ee-8b81-b7b6290d1f59,{0c4b7ade-7f3a-11ee-8b83-cf1734dca97f},2272.36,1696.5000000000000000,2275.8600000000000000,1
"Venda 923, Venda 924, Venda 925",0cacab4a-b178-11ee-abe5-07df66f7c211,"{fc8cbc74-b446-11ee-9f65-0b14e857fb31,fc8d6d40-b446-11ee-9f66-773ecefc810d,fc8dd334-b446-11ee-9f67-83e5f0eecc22}",4436.49,4436.5000000000000000,1480.0000000000000000,3
Venda 5474,0d889962-afbf-11ee-be21-d7c009dfbc84,{bcf61734-b065-11ee-b638-a39e0911e719},2605.09,2466.5800000000000000,2263.0000000000000000,1
CONDOMÍNIO 01/2024,0dcf9484-9dc7-11ee-a45d-6ba05c9f9ecc,{8f96ca40-b06a-11ee-9696-677b16c4edc0},628.12,663.2100000000000000,701.8000000000000000,1
Venda 8249,0e3940c0-a685-11ee-95db-97d0598160ca,{cd4a859a-b059-11ee-b690-5b3a33d04062},575.62,605.3100000000000000,638.5000000000000000,1
Venda 7,0e736496-ae35-11ee-be73-8b377102e8ae,{3c93ff46-b06c-11ee-8a89-8ba08c816c03},2096.77,2019.9100000000000000,1946.5500000000000000,1
Venda 1032,0e97fd92-800e-11ee-87bc-5f6d082e7f5b,{0e9bcad0-800e-11ee-87be-eb3c877b1537},10896.59,11134.6800000000000000,10662.0000000000000000,1
Venda 5207,0ef848c4-a867-11ee-a490-bb1d5e4a31ea,{f8c0678a-afeb-11ee-90bb-dfa82b6d6760},369.50,369.8300000000000000,371.3300000000000000,1
Venda 62408,0f1751c8-8581-11ee-b67d-3b2619c7aa2a,{0f1cc9dc-8581-11ee-b67f-6f018100d139},240.40,243.6500000000000000,238.8000000000000000,1
Venda 829,0f79c534-aef2-11ee-a41b-1f91dde5f305,{1baf2a96-b05b-11ee-8044-436453c6aa05},451.50,451.7200000000000000,455.2200000000000000,1
"Venda 3956, Venda 3889, Venda 3333, Venda 3646, Venda 3168, Venda 2877, Venda 3752, Venda 3049, Venda 3545",10d1d5c0-b0b4-11ee-b1ab-9b9e46e501c5,"{6c0d7af0-b1ba-11ee-a2f7-ef9b4bb29936,6c0e45fc-b1ba-11ee-a2f8-5f6fad68a6e1,6c0efc72-b1ba-11ee-a2f9-9fefe836077f,6c0f9f6a-b1ba-11ee-a2fa-ef689da0b26e,6c10762e-b1ba-11ee-a2fb-9be6768acedf,6c11419e-b1ba-11ee-a2fc-b3dd62e023b7,6c11f5ee-b1ba-11ee-a2fd-0333acadc1b5,6c12ab06-b1ba-11ee-a2fe-136bcc149c42,6c138d96-b1ba-11ee-a2ff-db69c4d2a842}",15048.18,15200.200000000000,1689.3000000000000000,9
Venda 1,11cad5a0-99ab-11ee-8dd8-9727a74984c0,{11ceb40e-99ab-11ee-8dda-57f2740c0bf1},678.91,655.0300000000000000,658.5300000000000000,1
Venda 254,11cc8ba4-9ef9-11ee-a090-8f6a7d79faf9,{33ed9e14-b068-11ee-ba9e-9bf9023dd7f3},1998.50,2002.0500000000000000,2003.5500000000000000,1
Venda 1644,12aaaa70-afa6-11ee-a05a-533bf4f416cf,{3ffbaeb8-b062-11ee-b9c8-4fe816b36abe},796.71,1196.7100000000000000,1599.0000000000000000,1
Venda 14451,138be246-a3f4-11ee-ba93-8f71d4e35372,{72305c76-b06c-11ee-a231-17ccb81cc56f},926.85,1396.5200000000000000,1868.6900000000000000,1
Venda 66390,14ced04e-baf8-11ee-888f-a75f8535d4a5,{14d6ddca-baf8-11ee-8891-73ea15443d69},243.21,245.8600000000000000,238.8000000000000000,1
"Venda 3972, Venda 3882",1541253c-bc64-11ee-9317-2704628cd33c,"{4902d4dc-bc65-11ee-947f-07fb818e3d2f,4903589e-bc65-11ee-9480-cf7f6c2aa2f3}",237.50,237.5100000000000000,120.0000000000000000,2
Venda 623,157692d8-a6d6-11ee-911d-bf47d3a847f0,{dc891e6c-b05a-11ee-99b9-93ace1880838},1173.51,1175.8600000000000000,1182.3500000000000000,1
Venda 2086,15da78e2-9a3e-11ee-907c-bf12f58c4963,{06bfcc90-b06e-11ee-b5a6-0f33d3a6f3fe},328.50,328.6200000000000000,330.1200000000000000,1
Venda 1331,1860cf5a-aa5e-11ee-92e0-7bdc9c0ec7a4,{65542e7c-b064-11ee-bb74-bb6e33b048f9},760.95,800.5600000000000000,842.6700000000000000,1
Venda 60468,194f59a8-af00-11ee-aad6-2bbfe11fb5a6,{701beac0-b064-11ee-9ac9-7766d58c94e0},1959.30,1923.1800000000000000,1805.8300000000000000,1
Venda 1990,198aaac4-9f7b-11ee-8b80-734c409febad,{99b8fe36-afce-11ee-ac10-2734a28d922d},305.67,300.2000000000000000,273.6100000000000000,1
Venda 22412,19a60e16-ab8a-11ee-985b-937e0f739e43,{f09cbaee-b05f-11ee-9440-8bc2369970bf},357.00,357.4000000000000000,359.4000000000000000,1
Venda 17159,19b6dfaa-99b7-11ee-89dd-778867b68f3f,{19bc0fc0-99b7-11ee-89df-137e1ae0446e},481.50,479.0000000000000000,481.5000000000000000,1
Venda 626,1a2e5826-a4b3-11ee-8f5a-0b938193129f,{ca141106-b064-11ee-9315-636b57c08e2d},1496.50,1500.0000000000000000,1503.5000000000000000,1
Venda 4663,1a4d10b4-8ebe-11ee-a830-a3c51b0f3f5e,{1a534704-8ebe-11ee-a832-270798e1846c},1051.26,1044.7700000000000000,1057.7500000000000000,1
Venda 5901,1a70ffa0-9e64-11ee-a904-e7466e841248,{dd572576-b061-11ee-9086-67419e37d332},481.15,481.3500000000000000,475.2000000000000000,1
Venda 59,1c0ee294-aa46-11ee-b0eb-63a9aa394684,{1454065c-b062-11ee-b64c-13d0d9cce98a},382.18,382.6400000000000000,378.4600000000000000,1
Venda 202003343,1ccd1f3a-b3eb-11ee-b3d6-57d314ec8b1d,{1cd7b486-b3eb-11ee-b3d8-7b53cee4196e},1343.34,1370.1800000000000000,1420.0000000000000000,1
Venda 3780,1cfc7c4c-a4c5-11ee-9cc0-ff7da5eab451,{0b96749a-b05e-11ee-9382-03c906e93ef0},484.24,416.2400000000000000,351.7400000000000000,1
Venda 57701,1d87549a-afcc-11ee-8d4d-a34848a4ca7a,{ad41c35e-afcc-11ee-bd17-b3bd8be5f787},161.15,158.0000000000000000,157.5000000000000000,1
Venda 9376,20b0d084-8965-11ee-b99a-4389ca37d415,{20b85d72-8965-11ee-b99c-eba301d19cf9},85.50,76.5000000000000000,80.0000000000000000,1
Venda 5952,21584aac-856a-11ee-8d40-97ba341afc93,{4bfb4f9c-b06d-11ee-921b-1731c0a74286},2866.50,2867.6900000000000000,2871.1900000000000000,1
Venda 14208,21a914c4-abc5-11ee-ba3c-bff1fd355eed,{dfc1ce54-b059-11ee-80e4-637b7499d59a},-500.50,446.5000000000000000,1397.0000000000000000,1
Venda 1000003544,21f25eac-8d31-11ee-ab53-0bd78131860e,{d3cb0a68-b06b-11ee-b1d0-4f38f2862136},1276.50,1281.0300000000000000,1284.5300000000000000,1
"Venda 12019, Venda 21100, Venda 21102, Venda 21103, Venda 21096, Venda 21097, Venda 21098",22e9aee4-9f3a-11ee-ad26-47899214f04e,"{bc3fe5f0-b389-11ee-b2fd-9b83cf301d88,bc4088f2-b389-11ee-b2fe-432ac12e1fe0,bc411682-b389-11ee-b2ff-7f2da30762cb,bc41854a-b389-11ee-b300-4ba9affc6294,bc41f6ba-b389-11ee-b301-b7e8c3717a16,bc425eb6-b389-11ee-b302-a7f21774b10e,bc42b4c4-b389-11ee-b303-6fef1daafcbd}",2313.22,2290.3100000000000000,226.4285714285714286,7
Venda 4472,22ef1cc4-a87e-11ee-a8ae-5bee1c60f887,{a51c64dc-b06b-11ee-be85-cf80992906ae},1076.50,1080.0000000000000000,1083.5000000000000000,1
"Baixa, Certificados e Honorários em Atraso",24070522-af09-11ee-b971-d7867989235f,{1eb6151e-affd-11ee-a4c0-9b55ef469f52},248.35,243.6000000000000000,237.6700000000000000,1
"Venda 6162, Venda 5993, Venda 5993, Venda 5905",240eb972-babf-11ee-bc04-4b76698e4b24,"{5f3b8aec-bbf1-11ee-a0ce-171b16863236,5f3c6ba6-bbf1-11ee-a0cf-6bd5cea17147,5f3d4242-bbf1-11ee-a0d0-a37ea0eaa4a0,5f3dd14e-bbf1-11ee-a0d1-8bfa40141eb2}",4611.49,4611.5000000000000000,1122.6000000000000000,4
Venda 5701,249c682e-afbd-11ee-88e7-07ccf5461cff,{b2b0aa3a-afef-11ee-a417-4f14646fe001},589.23,577.9900000000000000,562.0000000000000000,1
Venda 151,24a57f82-aefe-11ee-bb62-4ba9949fa4c0,{06648118-b065-11ee-af11-439076aad5bb},1467.78,1439.8000000000000000,1399.0000000000000000,1
Venda 343,2508ce54-afbf-11ee-8fe7-eb9731464f9b,{8c091d00-b05c-11ee-8e40-7307d64519ca},-1738.20,2761.8000000000000000,7265.3000000000000000,1
"Venda 74326498, Venda, Venda, Venda",25435598-b180-11ee-a26a-bb0df9ec5845,"{044856ba-b40d-11ee-a422-efc570738d46,0448e558-b40d-11ee-a423-5b8fc379bd45,0449400c-b40d-11ee-a424-bb9c133ac471,04498468-b40d-11ee-a425-bfa47edc36be}",1663.16,1663.1800000000000000,416.6700000000000000,4
Venda 1015,25999050-8dfb-11ee-9628-bfc62e66c79f,{c1ceddce-b068-11ee-aabb-cbc4034bd77f},413.49,713.4900000000000000,1000.0000000000000000,1
Venda 12268,27315c1e-790f-11ee-8de0-7705cc3cd633,{b495129a-b068-11ee-985e-9fd469c3f6f7},902.78,504.7800000000000000,100.0000000000000000,1
Venda 2729,27ce48f4-a5af-11ee-9cb4-9f59da245634,{27d6876c-a5af-11ee-9cb6-b7f450e7b4a6},702.67,723.5400000000000000,727.0400000000000000,1
Venda 456,27fde334-a59b-11ee-8a24-039f8ba9cb69,{284e3d8e-b068-11ee-a9ac-4fda77e02d6e},260.34,240.3400000000000000,200.0000000000000000,1
Venda 30685,282b610c-937f-11ee-acd7-cf767b07bf68,{283062ce-937f-11ee-acd9-93309cb3858d},328.84,328.8300000000000000,332.3300000000000000,1
Venda 26096820,2835c002-af22-11ee-9eb3-fb81ffadcc6a,{843935a4-b05e-11ee-a752-3f96cbff8739},217.97,208.1500000000000000,201.8300000000000000,1
"Venda 587, Venda 588, Venda 589, Venda 590, Venda 591, Venda 580, Venda 581, Venda 582, Venda 583, Venda 584, Venda 585, Venda 586",29262d8c-ac37-11ee-8c2d-7fa1d2d3267c,"{162f43ca-b5d9-11ee-a974-03956e64c8f0,1630085a-b5d9-11ee-a975-07b6c9c8e263,163076be-b5d9-11ee-a976-439e4b379ac5,1630e608-b5d9-11ee-a977-7f466adf7b93,16315fc0-b5d9-11ee-a978-1751cbdef54c,1631e92c-b5d9-11ee-a979-0f47cb0f2f97,16324e9e-b5d9-11ee-a97a-6f719431413f,1632c900-b5d9-11ee-a97b-db99c67a3f4a,1633602c-b5d9-11ee-a97c-a7911d95afae,1633d296-b5d9-11ee-a97d-a791cc7835fe,16344302-b5d9-11ee-a97e-abde81429884,1634ade2-b5d9-11ee-a97f-b72d6949796d}",315.84,329.0100000000000000,27.5000000000000000,12
Venda 13584,294e0c96-baf4-11ee-b596-c7c2a9c218c7,{29583054-baf4-11ee-b598-9f3d40337241},166.05,169.6000000000000000,165.0000000000000000,1
"Venda 29253, Venda 24995, Venda 25624, Venda 26383, Venda 29887, Venda 32203",29775728-aa31-11ee-9c9e-73da134236e5,"{7c9d8f50-baf1-11ee-b1bd-637f5186732f,7c9decd4-baf1-11ee-b1be-1f4e746e8744,7c9e2974-baf1-11ee-b1bf-d35a9b2cdb40,7c9e5fb6-baf1-11ee-b1c0-c70e5e6f07de,7c9e8f18-baf1-11ee-b1c1-4b6e9dacaa21,7c9ebc36-baf1-11ee-b1c2-c3b020d5c3eb}",1053.61,1053.6200000000000000,165.8333333333333333,6
Venda 62734,29c0ae4e-9471-11ee-9756-938520db5381,{29c68922-9471-11ee-9758-c3ebcf568fe1},301.45,305.7000000000000000,299.0000000000000000,1
Venda 32,29fd0d28-aff4-11ee-9dd2-0711da2bc0d2,{fc0dbc98-b06e-11ee-8c3d-1f573be376ee},717.25,925.6800000000000000,1137.6100000000000000,1
Venda 8372,2aca9222-9e77-11ee-aad8-a35d05f1f793,{2ad13226-9e77-11ee-aada-0ba0da814641},809.96,806.4600000000000000,813.4600000000000000,1
Venda 529,2b58fd02-ae4c-11ee-9b1f-cf0e6fa5d24a,{a3b62e84-afe4-11ee-ace0-7bcf7cc3ca9d},2797.25,3547.2500000000000000,4299.7400000000000000,1
Venda 13883,2b930840-67ba-11ee-9bb0-afc4bdb3b342,{2b9eddf0-67ba-11ee-9bb2-efff1910e7b9},1338.66,1362.3200000000000000,1315.0000000000000000,1
Venda 5259,2b9b2f32-9b83-11ee-bf58-0b554e1888b5,{45da1a28-afc1-11ee-b122-e32cca18775d},46.60,96.5000000000000000,149.9000000000000000,1
"Venda 8741, Venda 9208",2baf36ae-b62b-11ee-bb9e-a7f2698c67f4,"{4d453d18-b6a3-11ee-9b28-a37d29521384,4d45fa14-b6a3-11ee-9b29-4b71b467f157}",169.00,169.0100000000000000,85.0000000000000000,2
Venda 7327,2c9152ec-aa31-11ee-a6d6-737073d3d10a,{fa19ce2a-b06b-11ee-a3d5-e395750f7a81},1238.60,1285.5500000000000000,1336.0000000000000000,1
Venda 4909,2ded1aa8-ac0d-11ee-a127-a7920e479544,{2df5847c-ac0d-11ee-a129-1f6aa0fa7158},154.18,161.9100000000000000,149.9500000000000000,1
Venda 59440,2ec66b9e-6768-11ee-bb65-0b188b8631c1,{2ecd3582-6768-11ee-bb67-5baeb915eed0},200.18,202.3500000000000000,199.0000000000000000,1
Venda 5628,2ed06a96-b708-11ee-9bc9-17f4da38a9f6,{2ed66126-b708-11ee-9bcb-8b900d56a2d1},124.87,127.3900000000000000,124.3500000000000000,1
Venda 1017,2ef8ae40-8dfd-11ee-adb6-d33ef6ccc023,{0151d726-b064-11ee-a06c-7b12eebdacf6},308.58,508.5800000000000000,700.0000000000000000,1
"Venda 1935, Venda 1936, Venda 1934",2f4f2102-b9ff-11ee-be77-7bacc939d0ac,"{309fec12-ba90-11ee-8dac-6f768ee9241e,30a057b0-ba90-11ee-8dad-8b06275a9e3b,30a0af8a-ba90-11ee-8dae-9b157fa59d29}",1126.29,1126.2800000000000000,375.9900000000000000,3
Venda 657,2fc0b702-a71e-11ee-ac96-dfdfcda2342e,{efd41976-b06a-11ee-a80a-cfec4de36a3a},7072.18,5354.1800000000000000,3639.6800000000000000,1
Venda 7269,2fe558e2-afd3-11ee-9656-473f17683a5f,{5e37f2e6-b05e-11ee-a699-7f180da247e3},1634.78,1604.4600000000000000,1516.0000000000000000,1
Venda 1238,30573a96-b3ea-11ee-ae53-c7bf2ab3a12d,{30605806-b3ea-11ee-ae55-2fb3e930c5a3},69.06,70.6200000000000000,70.0000000000000000,1
VILLA COFFEE CAFETERIA LTDA FILIAL,3185efd0-a5bb-11ee-be2b-2ba3dd0d1d32,{3188c674-a5bb-11ee-be2d-4f375129f208},178.40,178.0000000000000000,181.5000000000000000,1
Venda 62614,31b9b138-897a-11ee-bbeb-cf0b8934b742,{31bedf46-897a-11ee-bbed-f79dae49182a},321.29,324.5400000000000000,318.9000000000000000,1
Venda 4724,31e8e1c6-8ebe-11ee-aed5-b3b91da840a2,{31ee09ee-8ebe-11ee-aed7-97bf3e012cc2},653.51,647.0200000000000000,660.0000000000000000,1
Venda 660,3209293e-a720-11ee-a657-efa3a15695dd,{6123116a-b06e-11ee-bdc2-27856652a82d},10722.05,7708.0500000000000000,4697.5500000000000000,1
Venda 1285,3319a72c-baf3-11ee-95e3-bfd05accc5e0,{3322c604-baf3-11ee-95e5-fbffcb60076f},2095.28,2197.0600000000000000,1996.0000000000000000,1
Venda 45,33b40466-aff9-11ee-b488-330a9048871d,{0437bf60-b06d-11ee-8861-133ea4b21612},634.00,634.1200000000000000,635.1200000000000000,1
"Venda 7897, Venda 8178, Venda 7210",33da0070-b14e-11ee-a1a4-af9dfe404f72,"{7801cf46-b40d-11ee-acba-db20cca444b0,78023e2c-b40d-11ee-acbb-b336e2868635,780284e0-b40d-11ee-acbc-33e39c5e0953}",251.46,254.0100000000000000,85.0000000000000000,3
Venda 30685,35afc7dc-937f-11ee-b799-87090218dfd9,{35b2cc16-937f-11ee-b79b-e31af8df21ba},328.83,328.8400000000000000,332.3400000000000000,1
Venda 794,3699a026-ae5c-11ee-999a-7f43ef9c4ac2,{77a722a0-b05f-11ee-af91-cf1906ef3bdf},774.50,774.9700000000000000,778.4700000000000000,1
Venda 62890,392a8aa2-8581-11ee-a7fc-6707e4e63eac,{39308222-8581-11ee-a7fe-77aec6b3559e},240.40,243.6500000000000000,238.8000000000000000,1
Venda 7045,3b6fef5e-b57a-11ee-8bf8-07df1ede009e,{3b7773be-b57a-11ee-8bfa-eb126961b19e},79.14,80.7800000000000000,80.0000000000000000,1
Venda 20043,3c607afe-bc7e-11ee-b6c0-efc6295b085a,{3c688640-bc7e-11ee-b6c2-f3db311cc856},973.76,1005.5200000000000000,945.0000000000000000,1
Venda 64115,3e711dfc-a5b9-11ee-8e53-6ffe1c25cbc6,{3e7a179a-a5b9-11ee-8e55-4fbcf28d7f02},240.33,243.5800000000000000,238.8000000000000000,1
Venda 65680,3ef93cd8-baf8-11ee-b911-2badda3ebe21,{3eff3b06-baf8-11ee-b913-2f116afca4f6},183.46,185.4600000000000000,180.0000000000000000,1
Venda 65852,3f5f9f6c-b6fe-11ee-aa4d-f3fd55050e44,{3f681af2-b6fe-11ee-aa4f-db5e2c238af8},223.40,225.8900000000000000,218.9000000000000000,1
Venda 18337,3fd6e338-993a-11ee-a2e7-bb382874b029,{fe630420-b065-11ee-9d1a-837809c73256},-451.90,601.4000000000000000,1658.2000000000000000,1
Venda 79,415dd04e-aa70-11ee-b536-e77f8666bfc7,{41657d4e-aa70-11ee-b538-17c2e4a17719},2444.59,2498.7800000000000000,2393.9000000000000000,1
Venda 26096820,41ecc6ee-af22-11ee-a281-936d0c70edad,{5baca2cc-b060-11ee-b17c-3fe9c932ddb1},209.77,204.0500000000000000,201.8300000000000000,1
Venda 2919,4282a468-ac05-11ee-9bc2-731a307af2bf,{9c50cf64-b06b-11ee-b810-13b9bc244406},1256.50,1257.4100000000000000,1260.9100000000000000,1
Venda 1895,42b491b4-99bb-11ee-b91f-db7a1676dce1,{4c24acc0-b063-11ee-ac83-b3fe331648a1},4597.50,4601.5000000000000000,4604.0000000000000000,1
Venda 9410,4304f91e-950c-11ee-ab71-cf1f38d6174d,{daf7c20a-b060-11ee-8b88-677717036822},819.50,819.7500000000000000,823.2500000000000000,1
Venda 1721,43c7fdaa-a79b-11ee-9154-83603f66f46d,{78d63f8a-b06e-11ee-828c-7b3bc29fc30b},318.50,318.7000000000000000,322.2000000000000000,1
Venda 6170,477df138-a3eb-11ee-b235-efe653571feb,{69d3a58c-b063-11ee-a329-1bcf9aac219b},2536.50,2540.5000000000000000,2544.0000000000000000,1
Venda 66675,479b967a-b566-11ee-af25-d36a66b51b54,{47a41cd2-b566-11ee-af27-cb3cdba01ed8},119.79,121.0700000000000000,119.5000000000000000,1
CONTEMPLADO - AA0420 - CONTRATO 0273 - VENCIMENTO ANTERIOR 10/12/2023,480c9526-afaf-11ee-b4a3-473697017a03,{75e84ade-b064-11ee-aeb0-df9e50b6acb1},198.16,194.3100000000000000,192.9700000000000000,1
Venda 269,4848d4b0-a964-11ee-ae0c-0fe473db7f5a,{6f51e490-afc5-11ee-8fb5-539efebd7d7a},1514.52,1514.6200000000000000,1520.1000000000000000,1
Venda 2148,4855058e-a57f-11ee-8991-efa287ec07fe,{3ea83860-b062-11ee-9236-5ff3c9f53422},2307.50,2309.2800000000000000,2311.7800000000000000,1
Venda 5777,48b5edcc-6f51-11ee-978c-9bd46850dd28,{98ce9806-b05e-11ee-b42c-d37ca365f2c4},1276.50,1277.2500000000000000,1280.7500000000000000,1
Venda 3019,4a3e1fd0-9863-11ee-8cee-1739e5b89bcf,{aa355c28-b06e-11ee-8d37-4fc0cfece649},2646.50,2647.5000000000000000,2651.0000000000000000,1
Venda 2095,4a9b3578-afb8-11ee-bdeb-2b386bef8993,{5dca4ff2-afbe-11ee-b612-07080c844696},346.72,320.0100000000000000,244.9000000000000000,1
"Venda 2021133, Venda 2021133, Venda 2021133",4b5298be-b53d-11ee-aad8-9f079e9fdb58,"{dd9c89b0-b73a-11ee-86b7-2f6dc6e52662,dd9d7d98-b73a-11ee-86b8-af05179dfa8d,dd9db6fa-b73a-11ee-86b9-e727acf82ad1}",7268.40,7341.8200000000000000,2448.4400000000000000,3
Venda 15396,4b68b244-a709-11ee-8f6e-23ed9b8cd0e9,{934f9ea8-b062-11ee-986b-ab3642447d27},428.47,461.4500000000000000,497.9300000000000000,1
Venda 12032,4b6eeea6-a73c-11ee-b6d5-6fddba5d80c1,{989d5d1e-b05d-11ee-92d8-6b06428e76a0},169.95,170.2300000000000000,170.2800000000000000,1
Venda 2196,4d7dc30c-99ae-11ee-aa8e-679d43c6c0dc,{45b4c51c-b060-11ee-9613-3bbf3917cd1b},1966.50,1970.5000000000000000,1974.0000000000000000,1
Venda 62191,4e0a60c4-99e9-11ee-abe9-c3dbbd1bac6f,{4e117b16-99e9-11ee-abeb-178246fa2120},206.43,207.4300000000000000,200.0000000000000000,1
Venda 5098,4e11037c-afc2-11ee-bbca-3f058256362e,{1c3ba5c4-b066-11ee-ac20-13e3e07fd7bd},502.17,492.2100000000000000,480.6000000000000000,1
FATURA UC 6/4192269-1,4e3e01d2-a5af-11ee-bb07-d78366f974de,{442d367a-b06a-11ee-8fce-63fb03e1c7c1},1047.60,1049.3300000000000000,1041.7400000000000000,1
Venda 685,4ebc30fa-9e86-11ee-9a26-079158372c98,{5ad5ce88-b064-11ee-8587-3306bcebcb39},3746.50,3750.5000000000000000,3754.0000000000000000,1
Venda 4448,4eca1ac8-8a34-11ee-b420-a3cb9622dd78,{4ed42770-8a34-11ee-b422-2b4e480598bc},99.00,96.5000000000000000,99.0000000000000000,1
Venda 62118,4fe2f8cc-897a-11ee-92d7-cbec3079ed16,{4fe76bbe-897a-11ee-92d9-232a92904cea},321.29,324.5400000000000000,318.9000000000000000,1
Venda 28053,50176df0-b70b-11ee-9f74-db92fdd23607,{501d99fa-b70b-11ee-9f76-3b2fef4b7ad8},1285.28,1310.9100000000000000,1260.6400000000000000,1
Venda 4528,508ef0fc-afbb-11ee-8c11-d3d59d9c499b,{5095e25e-afbb-11ee-8c13-9353eec2d7c0},234.57,241.6400000000000000,231.0000000000000000,1
Venda 5476,50aa01fe-afbf-11ee-a2c8-9f4d79fbac96,{57eb5328-b069-11ee-9d9f-a3a99097c259},2372.65,2327.3900000000000000,2263.0000000000000000,1
Venda 8468,513bf3d2-ac01-11ee-87e8-eb0202433e79,{dbb89902-b066-11ee-8805-1f9217f71ed7},160.50,160.6500000000000000,164.1500000000000000,1
"Venda 16564, Venda 16263, Venda 17189, Venda 16875",535cc20e-abe3-11ee-b1aa-2fdd340aa826,"{6d6a08b6-acae-11ee-b0a6-2bc8094b95be,6d6aef9c-acae-11ee-b0a7-477b7113b3fb,6d6b9488-acae-11ee-b0a8-2bec068401a6,6d6c3dc0-acae-11ee-b0a9-ffd5bf0656e2}",2242.24,2242.2300000000000000,550.0000000000000000,4
Venda 1289,539bcfbc-ab25-11ee-9351-2f4cd4699263,{72d070d6-afe9-11ee-bc27-077998f9d112},1288.50,1288.6700000000000000,1320.0000000000000000,1
"HONORÁRIOS 12/2023 (R$ 2.800,00) + HONORÁRIOS FUNC. (R$ 1.000,00) + DOMÉSTICA (R$ 129,00)",53a88b68-ab47-11ee-a65e-cfc3850d8868,{4bd10826-b05f-11ee-9d6b-abee519a9f9d},3756.50,3754.8900000000000000,3929.0000000000000000,1
Venda 1352,53baa680-ac01-11ee-94b8-7b80e87a6dbb,{f529060c-b05b-11ee-8944-734486f0557e},1196.50,1200.0000000000000000,1203.5000000000000000,1
CT 407 - LOTE G 19 - REFER OUT 23,53e15dde-afdf-11ee-8194-dbab2a65264b,{1dac1b5a-b061-11ee-a1a0-0b0bca506de3},123.50,121.5200000000000000,99.0000000000000000,1
Venda 259,53e9a128-afd6-11ee-9a3f-07339b815698,{142e81b0-b068-11ee-8d0e-9bfe97219268},2305.15,2261.4100000000000000,2187.0000000000000000,1
Venda 5342,5544b7e2-a9b4-11ee-8e25-77579d7c77ee,{80649908-b065-11ee-9e31-9b7aefa012d9},456.02,476.7200000000000000,499.9200000000000000,1
Venda 221,55d17214-aff3-11ee-b1bd-1768aeb8a49e,{522ccba6-b064-11ee-855d-0f4236e6d4f5},716.15,656.7400000000000000,594.9100000000000000,1
Venda 13465,55fbd230-99ea-11ee-bc8e-9b8cb4da8e65,{5602dc56-99ea-11ee-bc90-73fdfc63d586},1330.35,1341.6200000000000000,1275.0000000000000000,1
"Venda 34141, Venda 34141",579c92da-a4d7-11ee-9372-4f88851e1241,"{def92100-b06a-11ee-b488-376ad6a9f99b,703077b8-bbc4-11ee-b64f-9fe85c4d9da0}",4721.86,2385.2900000000000000,2436.0000000000000000,2
Venda 2394,58494196-b955-11ee-bf59-abf97d5b24e6,{58534380-b955-11ee-bf5b-9fcb673a0270},1118.86,1141.2200000000000000,1100.0000000000000000,1
Venda 5909,589d1be4-b091-11ee-94ea-378154f845ce,{58a6bbe0-b091-11ee-94ec-5fa218ec5fc0},200.74,204.9800000000000000,200.0000000000000000,1
Venda 26610,5a22c7dc-abed-11ee-acdf-7fe3c9e71d5f,{5a2b6d92-abed-11ee-ace1-7fa2d60b0214},495.60,510.2600000000000000,483.4400000000000000,1
Venda 740,5a472ee2-9de7-11ee-944b-b3b0b7bbb8ce,{42659f04-b064-11ee-963c-f73c5f719c8d},2326.50,2329.8300000000000000,2333.3300000000000000,1
Venda 13326,5a8b271c-b090-11ee-95e0-332a60d73e14,{5a95a11a-b090-11ee-95e2-1f8c061f80a2},334.65,341.8000000000000000,330.0000000000000000,1
Venda 11318,5ae09130-b3eb-11ee-acd0-b35792fbe44a,{5aeb1600-b3eb-11ee-acd2-7350754a4223},154.55,162.6000000000000000,150.0000000000000000,1
Venda 8472,5b92fa16-ac05-11ee-a680-bbc8ca0fa737,{0267e62c-b06f-11ee-b8a2-afb58e759a27},345.50,345.9700000000000000,349.4700000000000000,1
Venda REF NF 00006480,5c7f39ce-aa63-11ee-b137-db56d4ded8d7,{17543c62-b069-11ee-b186-ef15e37d9989},775.79,818.6000000000000000,864.9100000000000000,1
Venda 412,5cef0022-9d9a-11ee-b7c7-b378ff0ece10,{a4dfc94c-b06a-11ee-b6fc-af24d01d9b38},274.50,274.8300000000000000,278.3300000000000000,1
Venda 62905,5cef4108-8581-11ee-a70d-d3dbb33560f2,{5cf4ac4c-8581-11ee-a70f-578c7bdb1ca4},379.13,382.3800000000000000,376.0000000000000000,1
"Venda 7478, Venda 7482, Venda 7475",5eb0c456-9f73-11ee-a50e-57d55f7ea701,"{d9864994-a0a4-11ee-9567-470be6e6dceb,d9876536-a0a4-11ee-9568-5f1d6b5d3d6d,d98815e4-a0a4-11ee-9569-fb033a1e90c4}",14478.30,14478.310000000000,4826.6666666666666667,3
Venda 55,5ec4ae90-b3ea-11ee-869f-3b952b9c0ead,{5ece96a8-b3ea-11ee-86a1-1f97a2982f28},8620.36,8797.7200000000000000,8446.5000000000000000,1
Venda 616,61364536-a6d3-11ee-9bfe-77e6265c8d38,{9897cfec-b068-11ee-b302-97c81b28cc19},774.51,774.6100000000000000,781.1000000000000000,1
Venda 646,622ef12e-b57c-11ee-af3e-4bc1d64df988,{623841e8-b57c-11ee-af40-a31265935726},14810.65,15124.8000000000000000,14500.0000000000000000,1
FATURA UC 6/4192269-1 REF NOVEMBRO,6244ccc4-a5af-11ee-bd60-4b7685cfb693,{6b1463f4-b06e-11ee-8f4a-0f205680d9b4},1259.90,1264.2000000000000000,1254.3400000000000000,1
Venda 924,62c7d180-1b55-11ee-bc7e-f32e02d68856,{9e668d30-b05b-11ee-b5e5-f77a86ab2235},92.30,92.3300000000000000,95.8300000000000000,1
Venda 3102,63142a5e-b18b-11ee-a75f-03aebe66b147,{631d4efe-b18b-11ee-a761-37c57680c8fd},256.10,262.4100000000000000,251.7900000000000000,1
CT 407 - LOTE G 19 - REFER NOV 23,645972a4-afe0-11ee-b512-0bd063f8e989,{68bf1448-b067-11ee-a84a-17718fd5b24c},116.44,114.4600000000000000,99.0000000000000000,1
Venda 6107,6553f2c4-7755-11ee-b7f1-0795496e045e,{6e5fc144-b068-11ee-9b21-87c0ddd27964},494.50,494.8400000000000000,498.3400000000000000,1
Venda 903,65b00080-aa47-11ee-861c-0f09c5134691,{0bb88176-b067-11ee-9312-c7f94d8171f8},411.50,411.6500000000000000,415.1500000000000000,1
Venda 2007,65b08a40-b96b-11ee-a4d1-139cf509b145,{65bab0c4-b96b-11ee-a4d3-7bca01d142f2},527.45,538.5200000000000000,519.8800000000000000,1
Venda 639,65ef8f46-ae4a-11ee-a674-573c0faaec27,{ed7194d8-b065-11ee-b9d8-5bbc047ba78f},1256.50,1260.0000000000000000,1263.5000000000000000,1
Venda 13,66533924-9eaf-11ee-a7b3-8faa8fd5ca89,{7c870582-afc5-11ee-bc70-9f7d728072c0},5752.54,5545.4800000000000000,5338.4200000000000000,1
Venda 27,687578e4-a3f4-11ee-a3d7-f7ea31edf053,{0357048a-b062-11ee-97f1-1bb8cb3e1f0c},790.13,775.1300000000000000,763.6300000000000000,1
Venda 264,68b86016-a5cd-11ee-abab-c3497d2bfa21,{3dce2794-b060-11ee-ba96-cf9ef5368260},1936.50,1940.5000000000000000,1944.0000000000000000,1
Venda 1643,693c29ba-ab2b-11ee-9266-2f5e5ac2aac7,{76f9405c-b061-11ee-b577-27ff83d31b3b},796.71,1196.7100000000000000,1599.0000000000000000,1
Venda 3214,69c6af7e-b3e9-11ee-b12b-7f96e2ed747b,{69ce602a-b3e9-11ee-b12d-5ba28ae837c4},217.52,222.2400000000000000,208.0000000000000000,1
Venda 287,6a68c282-676d-11ee-ac0d-5b6c7b816cbc,{b365de2c-b059-11ee-a6c5-870bf600f2fb},5006.50,5008.9400000000000000,5012.4400000000000000,1
Venda 20186,6ab51ee6-bc7e-11ee-a4da-9b43b15e790a,{6aba6284-bc7e-11ee-a4dc-27108a0d7006},743.68,766.3600000000000000,724.0000000000000000,1
MM MATERIAL PARA CONSTRUÇÃO LTDA (COMPENSAÇÃO ICMS),6b3b3d78-b95e-11ee-89b3-bb5227160780,{6b44bae2-b95e-11ee-89b5-c75d95b8a338},5523.74,4523.7400000000000000,4421.6300000000000000,1
Venda 2868,6b637322-b70d-11ee-8a1d-f3b58ef2d451,{6b6d11e8-b70d-11ee-8a1f-836b4710b6dd},381.30,385.1000000000000000,380.0000000000000000,1
Venda 32 L-06 (36/36) 3° Carnê REF. OUTUBRO/2023,6cf5c6c0-afc1-11ee-92cd-9f7e37b3de3b,{9d9c3450-b05f-11ee-8cb1-d3393a5c97aa},1017.37,998.1800000000000000,959.5100000000000000,1
Venda 1291,6d5fc9d6-a86d-11ee-9deb-4b393f2a45cd,{bb225ed8-b059-11ee-b37a-4798d93c73ef},1326.50,1327.5000000000000000,1331.0000000000000000,1
Venda 1857,6e4f85d4-a4e9-11ee-bd1b-0b1fbb579a19,{93268f1a-afd9-11ee-839f-0fd2c1f233ab},1305.89,1454.3400000000000000,1606.2900000000000000,1
Venda 2054,6ff97b26-b090-11ee-ab6d-5357bebf2190,{7002eb84-b090-11ee-ab6f-77583549d13f},139.92,147.0900000000000000,136.2500000000000000,1
Venda 5358,6ffb3f16-aefa-11ee-aa95-cf1c07e66409,{b831eca0-aff2-11ee-9506-a36e02f8660d},534.99,526.1500000000000000,441.9600000000000000,1
Venda 6920,700a58d2-af29-11ee-9f00-9b59c41f0e76,{98a97d92-b06c-11ee-9116-a3c463ea1b4a},830.89,851.5000000000000000,875.6100000000000000,1
Venda 1354,702477f0-af1d-11ee-bed6-7b9fe861dd74,{8933c1e2-aff9-11ee-9653-b7ade9e2e140},113.19,111.2100000000000000,99.0000000000000000,1
Venda 3964,7092fbd4-9f42-11ee-874b-471485f36e16,{7925025c-b06c-11ee-aa38-839f2f52c5aa},1370.00,1971.5000000000000000,2575.5000000000000000,1
Venda 1652,709e745e-b07d-11ee-8b2a-67e09b729f55,{4c1195a2-b07e-11ee-b7db-3f2beef07fca},1596.71,2396.2100000000000000,3198.0000000000000000,1
Venda 61888,7110f932-a42c-11ee-a2a7-0719cd0553e2,{711768b2-a42c-11ee-a2a9-8f8b27b47607},120.21,127.4600000000000000,119.5000000000000000,1
Venda 8464,71496e20-abfc-11ee-9112-8ff233b6fca1,{44483698-b063-11ee-8b8a-3ba8240431a3},212.50,212.5400000000000000,216.0400000000000000,1
Venda 20181,7193b2b0-7730-11ee-aa88-e7e86d83506c,{7b1c464c-b05d-11ee-8f9a-f31ac09343d8},1237.80,1234.3500000000000000,1654.6700000000000000,1
Venda 54901,7229ebb0-afc8-11ee-988a-c784d9252973,{e6a19178-afc8-11ee-a711-3bcf5da48ef3},130.99,125.0600000000000000,118.7500000000000000,1
"Venda 15646, Venda 15830, Venda 15744, Venda 15837, Venda 15787",7240a5e8-a024-11ee-b7bd-2bdb58c53105,"{dafd9aa0-b44c-11ee-bde1-d3a5758fdba7,dafe17dc-b44c-11ee-bde2-cfa8e0209557,dafe53b4-b44c-11ee-bde3-3ba3d3d8709d,dafe98b0-b44c-11ee-bde4-e71d09dc0008,dafed4c4-b44c-11ee-bde5-c397004de5f7}",1197.45,1209.5600000000000000,335.2000000000000000,5
Venda 4316,72709792-ab1b-11ee-a800-f30822c920ab,{ad330a8e-b063-11ee-bb07-3b230f7be537},25.91,25.9300000000000000,27.1200000000000000,1
Venda 653,7273f7b0-a720-11ee-af63-a34dc05d5e97,{04ed53e0-b061-11ee-bb6d-2321207ccecb},5793.38,3833.3800000000000000,1876.8800000000000000,1
Venda 1262,728c3662-aa55-11ee-8f28-c3723fc2bd1b,{c5475a16-b06e-11ee-92e5-fb78d8e1bd20},468.50,518.5000000000000000,570.5000000000000000,1
Venda 2173,7597ee24-9eb5-11ee-8a3c-5b90910e0973,{759e115a-9eb5-11ee-8a3e-13de3e5d6ae1},828.07,902.6600000000000000,753.4800000000000000,1
Venda 11409,76309688-b0c6-11ee-b058-a32cee8ffe4b,{763bfbb8-b0c6-11ee-b05a-0b1fd8f80ff6},429.86,450.9900000000000000,412.2300000000000000,1
Venda 513,76fd26ea-8d57-11ee-bc48-d32c7bc3bdb3,{77036988-8d57-11ee-bc4a-a3fed65ba048},2191.66,2391.8200000000000000,1995.0000000000000000,1
Venda 65618,774836f2-b567-11ee-b627-0ba76cfa50a7,{77500954-b567-11ee-b629-df51f7bfe809},240.54,243.0700000000000000,239.0000000000000000,1
Venda 2864,77735cfc-6697-11ee-8678-4b763384ba3f,{fd1151ce-afb8-11ee-90f8-279d3a83bf00},1326.20,1330.3400000000000000,1294.1600000000000000,1
Lançamento recuperado - Venda 430,777d4476-a9f7-11ee-83fe-178a42afa539,{9abe4bbc-b07b-11ee-ad64-d7e72f839e73},3314.70,3314.7400000000000000,3250.0000000000000000,1
Venda 908,77d82ec4-a92d-11ee-a913-776e8e3dcfe5,{f72676a6-b065-11ee-aaea-bbab290cca54},1397.50,1398.9000000000000000,1401.4000000000000000,1
Venda 14502,77e6871a-aabf-11ee-9915-d7e2f33be324,{7f6bc528-b059-11ee-80f8-cfae410a4d24},85.10,85.1200000000000000,88.6200000000000000,1
"Venda 1070, Venda 1007, Venda 897, Venda 752, Venda 824",7987d07a-b5fe-11ee-b8f6-072fc307f40a,"{06fe2000-b6a2-11ee-ac3a-ef3e700845da,06ff3166-b6a2-11ee-ac3b-d3c1841162a4,07001770-b6a2-11ee-ac3c-b7568b8d1948,0700d124-b6a2-11ee-ac3d-dbecb822a9d1,07014456-b6a2-11ee-ac3e-4f2d79bc4839}",443.08,443.1000000000000000,89.3200000000000000,5
Venda 5875,79dc98ca-7cc5-11ee-91e4-7f5cbbeff3fb,{dd6c4808-b065-11ee-819c-6bd187cdea22},1266.50,1268.8700000000000000,1272.3700000000000000,1
Venda 10396,79f8e388-ae6e-11ee-a991-6f36da44c22c,{7a02731c-ae6e-11ee-a993-b3354325805f},539.15,550.1000000000000000,530.7000000000000000,1
Venda 5481,7abd2c44-8938-11ee-908d-b713a19a28e9,{7ac51148-8938-11ee-908f-47ac11c51094},2551.48,2606.4600000000000000,2500.0000000000000000,1
Venda 271,7b013506-a5d5-11ee-b13e-9f05442bddcd,{123da622-b060-11ee-b351-03c71f4bbcdf},1426.50,1427.5000000000000000,1431.0000000000000000,1
"Venda 8541, Venda 8527",7b1ec358-b21b-11ee-84ef-d750ef2f978a,"{b1ac494e-b50f-11ee-bd27-bb029b82282f,b1adb568-b50f-11ee-bd28-4b11163a1186}",1415.27,1415.2600000000000000,708.7750000000000000,2
Venda 29264254,7b259670-afe0-11ee-a18e-4ba730c8206d,{11d15382-b06a-11ee-a8a3-2732385ee5f9},111.88,117.5000000000000000,125.6200000000000000,1
Venda 9969,7bd1056c-af15-11ee-af0e-2b9c7f2a761d,{60cc3502-b069-11ee-913a-7b092689b97f},154.62,157.9100000000000000,164.7000000000000000,1
Venda 640,7c2d2656-ae4a-11ee-adda-f71224dfb016,{2aca44a4-b059-11ee-87a0-a3e21cfbfae9},1246.50,1250.0000000000000000,1253.5000000000000000,1
Venda 314,7cb44296-9f93-11ee-ac87-9f802fdfde63,{9f868452-b058-11ee-a237-bfe4fbbcbc10},4169.95,4322.6800000000000000,4478.9100000000000000,1
Venda 14061,7d408d16-ae46-11ee-a6ee-d3b3a9da4fed,{b14ba040-b063-11ee-9896-5b5887413d6b},-374.51,365.1100000000000000,1106.7300000000000000,1
Venda 1082,7db99dc0-99a9-11ee-9b5d-e34afa806953,{a50928a6-b064-11ee-9a5a-9703e07793c3},894.00,897.5000000000000000,903.5000000000000000,1
Venda 8485,7dd818fe-ae26-11ee-a602-4f56080da9ad,{4e55326a-b065-11ee-a211-6795c9c49ad2},159.50,159.9500000000000000,163.4500000000000000,1
Venda 8478,7e6a9d8c-ae1c-11ee-991f-774da2d5c3d7,{109319ca-b064-11ee-b193-fbd8041f3e94},287.50,287.7300000000000000,291.2300000000000000,1
Venda 769,7e6fa45a-abdb-11ee-a470-83e29b74fd6f,{7e77f308-abdb-11ee-a472-0b5ccce3c939},488.31,499.5200000000000000,480.6000000000000000,1
boleto ref nf 2697,7eabc7d6-aff1-11ee-9a85-231dd05c90d2,{70504d02-b063-11ee-9c9c-8f324b23a183},238.66,220.2500000000000000,184.0000000000000000,1
Venda 31428,7ed51f1e-b708-11ee-998d-a7d3be553ea7,{7edbf0f0-b708-11ee-998f-03bebab5929e},365.55,383.6000000000000000,350.0000000000000000,1
Venda 99,7f90def2-6375-11ee-b4fa-a39448eb9f09,{c09ba712-b05d-11ee-bc2b-136d88b71807},725.50,725.6700000000000000,729.1700000000000000,1
"Venda 3738, Venda 3687, Venda 3781",7fdb1498-b92b-11ee-8cd2-1bcee8618b56,"{bb9b34de-b92d-11ee-b79f-6f2dc6a68c37,bb9bee38-b92d-11ee-b7a0-f3cd7524e4b6,bb9c5ef4-b92d-11ee-b7a1-1379a6749388}",1940.64,1960.2300000000000000,639.7600000000000000,3
Venda 62157,8172bcf4-8580-11ee-ad81-6f48a8d61c21,{81788684-8580-11ee-ad83-cb7a76a7da46},99.09,102.3400000000000000,99.0000000000000000,1
Venda 179,825594b2-99ac-11ee-a3d1-7f9ab83e480b,{825ba6e0-99ac-11ee-a3d3-bbecdc8e71a1},483.50,473.8000000000000000,475.3000000000000000,1
Venda 64922,8276edcc-b6ff-11ee-9a5b-13f1bec3d742,{827e09e0-b6ff-11ee-9a5d-1ba887b0cd27},121.84,123.1700000000000000,119.5000000000000000,1
Venda 5233,82c8693c-aef7-11ee-afe8-af3a37da43d4,{794b03b8-b061-11ee-af7d-9b81024b539c},1671.40,1675.8000000000000000,1644.3800000000000000,1
Venda 5607,840b5324-7d68-11ee-bd63-6737b92a8910,{17d682b4-b062-11ee-850b-7f181456d7da},7702.50,7706.7700000000000000,7364.2500000000000000,1
Plano platinum,8446d414-ae3f-11ee-9473-fb80f397b87d,{cc71e434-b062-11ee-908a-e3018f72b15b},807.10,932.9500000000000000,1055.7000000000000000,1
BOLETO REF NF 1400,84547d0e-aff1-11ee-99aa-7b2bbdb4c839,{f6462006-b065-11ee-8144-3bd1ab11070c},257.32,237.4200000000000000,199.0000000000000000,1
Venda 22,84ec7a38-ac12-11ee-bd74-43af81937135,{68260bc6-b05e-11ee-93b2-d7684d062f90},4305.44,4615.4700000000000000,4929.0000000000000000,1
Venda 6999,854dac5e-af28-11ee-b448-f33f1dfaa695,{0d0821da-b05d-11ee-b4c0-7fed80580c61},2777.80,2846.5000000000000000,2918.7000000000000000,1
Venda 12158,856e9320-6a08-11ee-8c62-3be2a1ee9ae7,{857739b2-6a08-11ee-8c64-5b6a4bad6d54},420.63,422.3100000000000000,418.9500000000000000,1
Venda 19953,863c01f4-a5bb-11ee-afc2-23b54ed17d5a,{864078f6-a5bb-11ee-afc4-779031a84ab7},560.55,612.6000000000000000,512.0000000000000000,1
Venda 3467,86bba3a8-afdb-11ee-9ea9-532dcbe52d49,{c6907f98-afdc-11ee-9534-d30541312acd},119.81,357.8100000000000000,597.8100000000000000,1
Venda 62199,875fe5e6-8581-11ee-9058-0b121e082ca2,{87656304-8581-11ee-905a-17acd23bdc13},99.09,102.3400000000000000,99.0000000000000000,1
Venda 1474,878cda06-b3e9-11ee-931c-d7d9c75d5c1d,{8794cde2-b3e9-11ee-931e-33e58b799f5e},215.35,220.1000000000000000,206.0000000000000000,1
Venda 1277,8805dc08-8fc2-11ee-a0d7-d37574cc15a4,{880f68fe-8fc2-11ee-a0d9-e3764a028014},297.30,293.8000000000000000,297.3000000000000000,1
Venda 31752,88c4706c-a973-11ee-b96d-ef9cc6c6a674,{c5fa67d0-b06b-11ee-a93b-377ed8e67e65},521.50,521.9000000000000000,521.4000000000000000,1
Venda 5794,8b1e6718-95ce-11ee-a0bc-73663c1c3cb7,{8b269fdc-95ce-11ee-a0be-5b5cda28cc84},243.50,202.5000000000000000,205.0000000000000000,1
Venda 855,8b6b38b2-7ff4-11ee-93b6-b37096649575,{c7057220-b06e-11ee-8fe2-934bdeda05a4},754.50,754.7000000000000000,758.2000000000000000,1
Venda 8481,8b94ce22-ae1e-11ee-ad10-db3583ea4159,{0b367aee-b05a-11ee-a876-6fc582cc994b},316.50,316.5100000000000000,320.0100000000000000,1
"Venda 31740, Venda 30309, Venda 29342, Venda 31057",8c7d38da-ae58-11ee-ad5a-b30ae3e43647,"{ed6a0254-ae58-11ee-9583-9b4df8c81e35,ed6a5466-ae58-11ee-9584-cfe183abc515,ed6a949e-ae58-11ee-9585-3b78b996f6d8,ed6acf22-ae58-11ee-9586-332dccf5cce2}",414.32,414.2900000000000000,100.0000000000000000,4
Venda 2307,8cd0dbba-a995-11ee-b3c0-5f7bfcfb9c17,{f8c57c2c-b06b-11ee-9bf1-9b45ba6934b8},9096.50,9101.3000000000000000,9104.8000000000000000,1
"Venda 7687, Venda 7672",8d6f819a-b640-11ee-8c59-57bb5d4afd2c,"{4219b796-b655-11ee-a2fb-ebd3d3de326a,421a4832-b655-11ee-a2fc-6749b95c1bec}",363.50,363.5100000000000000,183.0000000000000000,2
Venda 8471,8d74d5c2-baf6-11ee-9150-2ffb29585e9a,{8d7fda3a-baf6-11ee-9152-c31a1c2106a8},302.90,309.3000000000000000,300.0000000000000000,1
Venda 10525,8dec2a86-7d94-11ee-ae31-3fcabdeb1f07,{8df4f88c-7d94-11ee-ae33-cb17dc4661e9},9184.72,9181.2200000000000000,9184.7200000000000000,1
Venda 7446,8e85a40e-9f2c-11ee-b8dd-a3941a5fd433,{7ef04b1a-b05d-11ee-98d6-b73c68e9657f},746.50,746.5700000000000000,750.0700000000000000,1
Venda 93,9091748c-ae2a-11ee-9c6b-5b2f02489b41,{8f56b51c-aff8-11ee-93e6-1ff91f3481da},770.88,757.0800000000000000,690.0000000000000000,1
Venda 61193,90b5376c-7506-11ee-9a42-ebf026e5352a,{90bbe2a6-7506-11ee-9a44-cb327a2d116e},102.31,102.8100000000000000,99.5000000000000000,1
Venda 61214,910969a4-7506-11ee-b34d-477d07214a06,{910eacc0-7506-11ee-b34f-7ba81fd21641},119.69,122.4400000000000000,119.4000000000000000,1
Venda 1389,91b7f9c0-ac0f-11ee-9454-3f0fa74b1eed,{06877e64-b062-11ee-97fc-8b241ec1b8c5},1596.50,1600.0000000000000000,1603.5000000000000000,1
Venda 1887,92d603cc-a3d3-11ee-88ab-e3273a155397,{b7e2ad60-b05c-11ee-b8b6-133b87f1bf33},42796.50,42836.500000000000,42840.000000000000,1
Venda 62565,92fc4d54-9085-11ee-b71d-373f2f4f4d13,{9301a380-9085-11ee-b71f-1b594b5e3f30},240.61,243.3600000000000000,239.0000000000000000,1
Venda 64134,92ffd820-9f76-11ee-af58-db8586bb784b,{93056a7e-9f76-11ee-af5a-37612ddd0a16},219.38,219.8800000000000000,215.1000000000000000,1
Venda 6454,93b1d89e-7506-11ee-b80c-bf98bfe110d2,{93bb3fec-7506-11ee-b80e-977f8d7f56ab},147.48,150.4600000000000000,147.0000000000000000,1
Pontal das Águas - CH64,95174836-7506-11ee-9c50-637cc0f82c31,{9522c026-7506-11ee-9c52-63417522a8de},636.32,633.8200000000000000,638.8200000000000000,1
Venda 6633,9599e760-a02f-11ee-8cca-6b6bb7dc2ef4,{959ea278-a02f-11ee-8ccc-1f2a461429a0},395.50,405.5900000000000000,399.0000000000000000,1
Venda 9860,97b02844-a04c-11ee-89db-871db15d0697,{97b51b06-a04c-11ee-89dd-93b48192cc7a},321.91,348.9600000000000000,322.8700000000000000,1
Venda 4525,97f721fe-b4b5-11ee-93dc-475d21d013b6,{98008b22-b4b5-11ee-93de-03936d9b7cd7},521.50,546.5000000000000000,500.0000000000000000,1
Venda 10567,982b681a-78c4-11ee-9cf7-e7a3b8edc6f7,{982d2aa6-78c4-11ee-9cf9-df99d6407dc5},447.35,457.3900000000000000,449.8500000000000000,1
Venda 470,9895704c-aa57-11ee-a5a4-a7530090958c,{27f62884-b06c-11ee-ad3a-930bbb5669e7},5926.50,5930.5000000000000000,5934.0000000000000000,1
Venda 1717,98cf1ba6-a4f5-11ee-9974-3fd4a247b094,{98d63d82-a4f5-11ee-9976-6f09088a18bb},4070.15,3766.5500000000000000,3873.5300000000000000,1
Venda 4679,98f30b28-a4fb-11ee-832c-33c15240b703,{98f85a6a-a4fb-11ee-832e-cb3e9b4f3b0a},376.30,385.6000000000000000,369.0000000000000000,1
Venda 66009,99018f10-b566-11ee-955e-bbfdcd06d110,{99077402-b566-11ee-9560-bfa240be1525},119.75,122.5900000000000000,119.4000000000000000,1
Venda 3657,99629a8e-ac0c-11ee-87a1-33d4a7be360e,{996af81e-ac0c-11ee-87a3-5f368a702bae},1797.73,1970.3100000000000000,1628.6500000000000000,1
Venda 6521,99894392-8fa5-11ee-9f32-2783d354b0a2,{156a5686-b06c-11ee-b9c8-235c6c5f35ad},1186.50,1191.3700000000000000,1194.8700000000000000,1
Venda 6886,9b52d416-afd2-11ee-84db-8739be15bb60,{f675a2e0-b060-11ee-ac98-43950c246a69},1665.10,1634.7800000000000000,1516.0000000000000000,1
Venda 19955,9defd8fc-a5bb-11ee-aff0-db4b67a7beca,{9df46a8e-a5bb-11ee-aff2-2f867b43704d},1032.05,1127.6000000000000000,940.0000000000000000,1
Venda 942,9df28e04-a92f-11ee-8a69-4fe6a2fc4529,{80f6cee8-b06c-11ee-91d9-7b7a740f5964},1417.50,1421.5000000000000000,1424.0000000000000000,1
Venda 10588,9e53e948-99d4-11ee-aaa3-3b8bc3815d8f,{d8b11080-b06c-11ee-8ea9-7fca0e37d515},257.59,428.4200000000000000,602.7500000000000000,1
DESS - TURMA 6,9f1baf30-a994-11ee-b7ca-cbca6c4edd6a,{fa03ccb8-b059-11ee-8f30-8b6e6354bf92},296.48,521.4400000000000000,749.9000000000000000,1
Declaração de Imposto de Renda (IRPF 2023) - ARIOVALDO BATISTA,9f50aaae-ae4f-11ee-b7d4-f35e09f05794,{ea2652ce-b069-11ee-908e-ab879540cb66},377.82,370.8200000000000000,350.0000000000000000,1
CONDOMÍNIO 01/2024,9fb97fde-9dc4-11ee-ae68-dbcb189c9ebd,{00eec2f0-b05d-11ee-8689-3fa9de2514f1},457.84,483.4700000000000000,512.6000000000000000,1
Venda 66410,a05a46a2-b567-11ee-bda8-f31722316802,{a0612f30-b567-11ee-bdaa-6ff6e2d187f8},390.00,393.9900000000000000,384.0000000000000000,1
Venda 66661,a0a39df8-affd-11ee-afe8-1b75b6e7a7a2,{a0abcf5a-affd-11ee-afea-835df9e6563a},245.58,248.1000000000000000,238.8000000000000000,1
Venda 66326,a11e000e-b6fe-11ee-a80c-6b38a6300472,{a124e798-b6fe-11ee-a80e-374e17ac959c},159.85,161.6400000000000000,157.0000000000000000,1
Venda 66044,a138008e-b6ff-11ee-b096-474b824f035d,{a13f3750-b6ff-11ee-b098-e71eebab8b74},118.53,120.7900000000000000,115.0000000000000000,1
Venda 5527,a306cdb2-aefa-11ee-962a-1fbad35a2cff,{ffb7b08c-aff2-11ee-b919-fb262f0df381},506.67,497.8300000000000000,441.9600000000000000,1
"Venda 318844, Venda 319219",a4b57e80-bc77-11ee-87fd-9795f61e1006,"{0fde6c74-bced-11ee-bbad-7b1a0eaa264f,0fdfd2a8-bced-11ee-bbae-7f9aaa3f48a6}",248.48,248.4900000000000000,125.2400000000000000,2
Venda 9091,a597c806-b3eb-11ee-8f01-1b5bb81c6088,{a5a1deb8-b3eb-11ee-8f03-ab4d096679b6},522.12,532.7400000000000000,514.0000000000000000,1
Venda 14126,a5a380da-afac-11ee-a8d5-0fc8804a3e86,{d21a6830-b06b-11ee-8f3f-8f44cb9ac491},-2.00,154.9000000000000000,313.8000000000000000,1
Venda 201,a5bab900-99ac-11ee-af19-2b1a56bf1b48,{a5bfa8c0-99ac-11ee-af1b-db69ce13deae},354.50,347.3800000000000000,348.8800000000000000,1
Venda 3702,a62c7760-8a2b-11ee-9a06-2f875c0f2f5b,{8f273ab8-b06a-11ee-a175-b34cacf70c4e},104.50,104.8300000000000000,108.3300000000000000,1
Venda 44,a71cf35c-abc3-11ee-9be4-6b70c0dba7c0,{3ff0164e-b066-11ee-b039-f33dbcb5aabb},2640.94,2621.6600000000000000,2605.8800000000000000,1
Venda 61793,a7e09194-9f76-11ee-98a8-c345c099b744,{a7e606ec-9f76-11ee-98aa-7350f649f9c2},246.89,249.0900000000000000,238.8000000000000000,1
Venda 27795,a847ae94-686a-11ee-8fa1-57637bcee853,{704bfd7a-b05d-11ee-8d4e-877ef8270822},161.07,161.2700000000000000,158.2000000000000000,1
"Venda 31840, Venda 31182",a84d9914-aa35-11ee-ae92-cfb6eb7ed5f2,"{46d631a0-aafd-11ee-8bfb-0726eaca1265,46d6b170-aafd-11ee-8bfc-bfd87c2402f3}",204.76,204.7500000000000000,100.0000000000000000,2
Venda 585,a8cf57b2-ae2f-11ee-a0c3-7faf6f708f36,{d5e49a58-b061-11ee-add9-d3b38eeb4179},9997.31,10037.3100000000000000,10040.0000000000000000,1
Venda 448,a941b004-8fbd-11ee-83fd-2f9be0b15dab,{a94b974a-8fbd-11ee-83ff-eb873946b454},428.36,470.2200000000000000,390.0000000000000000,1
Venda 461,aa3bc0ba-a964-11ee-bb1d-5b3f91dd396e,{eb7a6d30-b06a-11ee-9c1e-a3beb207a2b2},110.50,110.9200000000000000,114.4200000000000000,1
Venda 1467 - NF 5247,aab3e5b4-abc5-11ee-99d6-6b5a875bbfc2,{cb0bec2c-b060-11ee-aeb2-8725e3c156bd},1226.30,1278.9000000000000000,1335.0000000000000000,1
Venda 1075,abddc1ae-98e1-11ee-96d9-0b9a690b9901,{9b57a28a-b062-11ee-af21-2f073561f056},23807.25,24337.250000000000,24870.250000000000,1
Venda 7121,ad7b447e-99e4-11ee-ab24-43e9c3e0b3fb,{ad8335e4-99e4-11ee-ab26-27890435b274},1171.09,1167.5900000000000000,1171.0900000000000000,1
Venda 6669,ae61c20a-9449-11ee-89e3-ef9c9dd744a5,{ae67bd4a-9449-11ee-89e5-9361279423dd},1329.83,1329.8400000000000000,1333.3400000000000000,1
Venda 2653,b0fe5bca-9a86-11ee-94b9-cb9e256aaddc,{8d187500-b05d-11ee-afbe-9b7ca8a25952},2632.00,2722.0000000000000000,2815.5000000000000000,1
"Venda 3828, Venda 3937",b15ed9c0-bc62-11ee-a7f4-133544cd0756,"{cce048de-bc83-11ee-89da-435adc2b2b16,cce0c00c-bc83-11ee-89db-27ff03346bb1}",237.50,237.5100000000000000,120.0000000000000000,2
Venda 637,b161b75c-ae49-11ee-b4aa-df61b6fdae53,{6ce11996-b06b-11ee-b812-73626d8381ba},1326.50,1330.0000000000000000,1333.5000000000000000,1
Venda 789,b1632c56-ae4c-11ee-ad22-b7b77ab1ea58,{22073eaa-b06b-11ee-b54f-53e1660d787d},274.50,274.5200000000000000,278.0200000000000000,1
Venda 62447,b19c8f1c-8581-11ee-b68d-b3244c8a44cd,{b1a1c914-8581-11ee-b68f-3fa248ce45b5},341.52,344.7700000000000000,338.8000000000000000,1
Venda 1265,b1ed165a-a02d-11ee-893e-4b5ff177cfd7,{b1f52c96-a02d-11ee-8940-17fbcaac09a5},36.50,35.7000000000000000,39.2000000000000000,1
Venda 159,b22a87aa-ab00-11ee-adde-0bb9895cb8aa,{3c916c34-b064-11ee-a950-df0fe1dc0961},907.50,907.9200000000000000,909.4200000000000000,1
"Venda 5507, Venda 5467, Venda 5606, Venda 5535",b34a37e0-aaf9-11ee-a488-5756fd0c6845,"{ae448412-bc8d-11ee-93e3-1347f762d58f,ae450d92-bc8d-11ee-93e4-c3efe1095c43,ae4561d4-bc8d-11ee-93e5-f73ebf6b75b2,ae45ca52-bc8d-11ee-93e6-abde5b09e703}",687.47,687.4800000000000000,168.7425000000000000,4
Venda 1647,b3630c3e-ae5f-11ee-b6d6-9f477f802f67,{65081f56-b059-11ee-b84e-2f3b8bc64af0},796.71,1196.7100000000000000,1599.0000000000000000,1
Venda 2882,b4c86c98-aa7e-11ee-9982-678a9d860777,{b4cd58fc-aa7e-11ee-9984-cfee45de48b4},507.70,504.2000000000000000,507.7000000000000000,1
Venda 11088,b5b869dc-9f75-11ee-ae3c-2b4d4703fdf5,{b5c1453e-9f75-11ee-ae3e-23d5137f8905},688.89,704.0000000000000000,676.5400000000000000,1
Venda 19682,b6ef9d7e-a5bb-11ee-aa59-d724a2f6cbb3,{b6f46ea8-a5bb-11ee-aa5b-ffdece51b870},2498.35,2729.2000000000000000,2271.0000000000000000,1
Venda 9921,b7130d10-a9d3-11ee-8ed4-a336a72fa570,{0ec8b490-b06b-11ee-980c-1b5f47958b4b},375.96,391.4800000000000000,409.5000000000000000,1
Venda 3397,b7608c70-b6fd-11ee-b54f-93ca2a688222,{b766912e-b6fd-11ee-b551-936cf9b67986},2446.10,2495.7000000000000000,2400.0000000000000000,1
Venda 3937,b762c000-afa8-11ee-8155-f715f8a1ed0c,{69676ae2-afbf-11ee-ac6a-0bff5224dd57},2455.94,2408.9500000000000000,2349.8000000000000000,1
Venda 502,b876c9ac-a3ad-11ee-a97e-079ce03c0c5f,{69c883a4-b064-11ee-9e74-c7f03d31ef2d},1527.60,1531.0700000000000000,1503.5000000000000000,1
Venda 3002006,b889961e-ae65-11ee-a53d-eb0023d5b14b,{3e3ad81e-b063-11ee-bea5-b7cacf0fce1d},249.92,275.6800000000000000,304.9400000000000000,1
Venda 65683,b94789ba-b6ff-11ee-869c-83d0f315dd69,{b94ef8b2-b6ff-11ee-869e-17755c7b1873},220.16,222.4100000000000000,218.9000000000000000,1
Venda 10790,b989514a-a4d7-11ee-9b2e-0f3bfebd48a2,{03499d16-b069-11ee-b603-e7f51992c061},1017.50,1020.5000000000000000,1023.0000000000000000,1
Venda 1627,b9c9b06a-9f3b-11ee-b628-3fa4829090d1,{4572898a-b06b-11ee-906e-c360b72066c2},552.70,564.3500000000000000,579.5000000000000000,1
Venda 62108,ba384b02-9085-11ee-a2ea-77a3da54e51e,{ba415e7c-9085-11ee-a2ec-97446223c53a},321.39,324.1400000000000000,318.9000000000000000,1
Venda 5366,bb1dba80-a669-11ee-97dd-779de65ebd18,{43f44e6a-b06e-11ee-a0e2-c77d527087c1},1356.50,1358.5000000000000000,1362.0000000000000000,1
Venda 106,bb98017a-ae1e-11ee-886c-8bf185325aac,{c1f95946-b06d-11ee-b4ea-2fc07037d9c8},426.50,426.6000000000000000,430.1000000000000000,1
Venda 8483,bcd5e022-ae21-11ee-850f-ff344f2708e9,{24d35f16-b060-11ee-91fd-27cbbff2b257},128.50,128.8800000000000000,132.3800000000000000,1
Venda 7126,bda6b0ea-99e4-11ee-8f78-6f7ea1ce971a,{bdac5d06-99e4-11ee-8f7a-2b0a0ef7d8b6},196.50,193.0000000000000000,196.5000000000000000,1
Venda 1508,be995e0c-b0c9-11ee-a191-879c02981e50,{be9fcff8-b0c9-11ee-a193-c75dc51fdd97},99.42,101.5400000000000000,100.0000000000000000,1
MMA Group Trafego Mensal,beb11eea-ae24-11ee-8518-8f035523ccf1,{f1ff2612-b062-11ee-9676-37f7515c1504},-1362.51,596.5000000000000000,2559.0100000000000000,1
Venda 1008,bed85e84-ae64-11ee-a3a3-2b3eaed8f6a7,{5e9dfb94-b069-11ee-9dbb-df353342c6c6},1473.50,1833.5000000000000000,2197.0000000000000000,1
Venda 92,bf0f4ff0-ae2a-11ee-98f1-03b0d1bf26f6,{33a6ba0a-aff8-11ee-ba7f-db65c5c9ce5d},237.78,233.4800000000000000,215.0000000000000000,1
"Venda 237, Venda 161, Venda 383, Venda 44, Venda 28, Venda 28, Venda 346, Venda 213, Venda 92, Venda 123",bf166e72-bc6a-11ee-968d-dfcb16c98c56,"{87f15c4e-bc6b-11ee-bfb4-838ab3c1b82d,87f1eaec-bc6b-11ee-bfb5-bb437df9bad1,87f25c70-bc6b-11ee-bfb6-072810dcd1c5,87f2c8a4-bc6b-11ee-bfb7-eb00ad5a7044,87f31c5a-bc6b-11ee-bfb8-1b0271d8d661,87f37b78-bc6b-11ee-bfb9-4751ba380805,87f3c4fc-bc6b-11ee-bfba-4b135d15c96c,87f43054-bc6b-11ee-bfbb-97db2aac3276,87f49d8c-bc6b-11ee-bfbc-cf67ef3cee0e,87f505e2-bc6b-11ee-bfbd-b3d2fcc1541b}",1494.50,1494.5200000000000000,150.0000000000000000,10
"Venda 24695, Venda 24815",c02a5df2-a007-11ee-a506-7782643aadd4,"{cdff80a6-ae62-11ee-9f47-5fd8217f52a3,ce001106-ae62-11ee-9f48-1bfd6a67a23f}",303.02,303.0100000000000000,150.0000000000000000,2
"Venda 738, Venda 837, Venda 814",c06acd80-98fd-11ee-bcaa-63494b702603,"{e249aef2-99d5-11ee-8b9c-4b1de7f2c352,e24a6b80-99d5-11ee-8b9d-0fd63a11f6b6,e24ac59e-99d5-11ee-8b9e-6fd5c47cc645}",441.77,441.7800000000000000,153.4800000000000000,3
Venda 4231,c079c5d6-98e1-11ee-b0d7-ab47ba1c58cc,{ef12cf9e-b058-11ee-a632-b7bc0c8c279d},543.31,543.6100000000000000,545.3000000000000000,1
Venda 455,c0af3046-a3ad-11ee-a57f-0fdeece39297,{5eec7c6c-b05d-11ee-8376-0bd712de45b8},1017.20,1020.7300000000000000,1003.5000000000000000,1
Venda 224,c0b0b25a-9934-11ee-9084-0f77167d5a84,{c0b6eb52-9934-11ee-9086-7b100f5c2a3d},413.50,405.2000000000000000,406.7000000000000000,1
"Venda 3815, Venda 3710, Venda 4025",c0c5362c-afef-11ee-ac74-f39c0daa2ea7,"{b3475644-b173-11ee-8f6d-43b88c3552f6,b347fc8e-b173-11ee-8f6e-cf6f5b4b725c,b3488848-b173-11ee-8f6f-6347ebf91354}",1347.84,1361.4600000000000000,450.0000000000000000,3
Venda 2912,c19689c2-b95c-11ee-8b0a-3b273c90253d,{c19f9558-b95c-11ee-8b0c-0f69074af76e},14065.52,14359.3800000000000000,13775.1600000000000000,1
MIGRAÇÃO - Nv. 3 - Mentoria Black - Pamela Fernanda Tomazini,c2292154-895c-11ee-bc14-934a9f90bb7c,{63731dd6-b067-11ee-9ea4-774fa85e8214},4168.61,3768.6100000000000000,3278.7900000000000000,1
Venda 9497,c2c6205e-9392-11ee-8d78-2bdd369e5ce5,{f0f3b372-b06d-11ee-ac0f-bb1335c49599},6549.34,6913.2900000000000000,7279.0400000000000000,1
Venda 4528,c3f6f7d8-a872-11ee-a51d-47c59aab8b88,{5a91a2b6-b06a-11ee-b32d-5b727d923406},468.50,468.7500000000000000,472.2500000000000000,1
Venda 10478,c471e336-9f75-11ee-ae57-afd035e6b86a,{c47784e4-9f75-11ee-ae59-a7e81911dc3a},163.95,167.7400000000000000,162.9000000000000000,1
"Venda 8332, Venda 7994, Venda 7910",c4b9063e-a034-11ee-aa43-4f8049fef33f,"{3e9673a0-aadb-11ee-87c7-775470b193ea,3e972a48-aadb-11ee-87c8-6be370c292af,3e97796c-aadb-11ee-87c9-2f4c3947001c}",506.79,506.8000000000000000,169.6966666666666667,3
